{"cameraMode":{"drawMode":0,"name":"Shaded","section":"Shading Mode"},"sceneLighting":false,"audioPlay":false,"sceneViewState":{"showFog":true,"showMaterialUpdate":false,"showSkybox":false,"showFlares":true,"showImageEffects":true,"showParticleSystems":true},"in2DMode":false,"pivot":{"x":427.61016845703127,"y":569.4631958007813,"z":16.608299255371095},"rotation":{"x":-0.05719738081097603,"y":0.052985064685344699,"z":-0.0030396971851587297,"w":-0.996951699256897},"size":10.0,"orthographic":false}