{"cameraMode":{"drawMode":0,"name":"Shaded","section":"Shading Mode"},"sceneLighting":false,"audioPlay":false,"sceneViewState":{"showFog":true,"showMaterialUpdate":false,"showSkybox":false,"showFlares":true,"showImageEffects":true,"showParticleSystems":true},"in2DMode":false,"pivot":{"x":2.173795700073242,"y":1.8191077709197999,"z":43.66429901123047},"rotation":{"x":-0.26085829734802248,"y":-0.05151953548192978,"z":-0.9639032483100891,"w":0.013942955061793328},"size":17.856901168823243,"orthographic":false}